"","klasifikasi","score","text"
"1","Netral",0,"   rangking jadikan beliau  periode"
"2","Netral",0,"   riode   ncaian maksimalmenjadi no "
"3","Netral",0," yg mangkraaakkkk   oyek hambalang lo  udah mo abis  riode ber "
"4","Netral",0," nasdem dukung jokowi   riode jokowi  selesai  nasdem sah  usung sia "
"5","Netral",0,"tetafokus jokowi  periode that is the int jokowilanjut tetaokowi jokowimaruf jokowimarufamin"
"6","Netral",0,"hidujokowi pdip  periode"
"7","Netral",0,"sia n cawaes intinya jokowi   riode jokowilanjuttetaokowi jokowimarufjokowimarufamin"
"8","Netral",0,"ta k jokowi  riode  "
"9","Negatif",-2," sederhana  les    masyarakat mengangga riode jokowi memimn masyarakat meng "
"10","Netral",0,"  "
"11","Negatif",-2," pembangunan infrastruktur    terbukti mam menahan laju inflasi da riode jokowi a "
"12","Netral",0,"   presiden jokowi maju  riode ga  yg  otes   esiden jabat negara  "
"13","Netral",0," geber   udah  litikhadiah  mr esiden jokowi  riode    nya sia "
"14","Negatif",-1," hahagua bkn relawan g  urusan sm wacana  riode gua cmn "
"15","Negatif",-2," muter aan elu aja yg bingung  nuduh orang mutery "
"16","Netral",0,"  trsemang  runya jokowi menyetujui wacana  riode c "
"17","Netral",0," brrti kau  g rnah nonton tv   jokowi  sign "
"18","Netral",0," itukan ivat jetnya surya loh sp  mendukung    totalitas  "
"19","Positif",1,"  relawan tdk sehat yg bcr  riode jls   k jokowi "
"20","Netral",0,"  sumbar  jokowi kalah ttetamenang  sm riode "
"21","Netral",0,"  total rdagangan indonesiaeaeu tercatat  usd  miliar  riode  eksr indonesi "
"22","Netral",0," lha kalo  org n anies jdi esiden a salahrelawan k "
"23","Negatif",-1," cebong i w kadrun mabuk s onta hah w  o  riode keluarga w  coblos jokowi w anti cc "
"24","Netral",0,"  riode"
"25","Netral",0," emang ganjar an erick jokowi nggak da  kamnye kemaren  istora yg  riode  a nggak melanggarhadeeeuh"
"26","Negatif",-2,"rakyat bingung relawan jokowi  kasak kusuk urusan coas caes  periode  jokowi  ga laku  "
"27","Netral",0," ngga  kau bilang kehendak tuhan jokowi  presid "
"28","Negatif",-2,"wajar rakyat kecewa  merintahan    rakyat ngin rubahan rakyat   nundaan "
"29","Negatif",-1," buseh orang jokowi  periode"
"30","Netral",0,"  "
"31","Negatif",-1," emang   yg dukung jokowi  riode  nundaan milu ormas intoleran ya bong "
"32","Netral",0," iyain ajalah biar loe senang  narasinya   ksakan  "
"33","Netral",0,"   jokowi udh  periode  laah wan anus   calon  "
"34","Negatif",-2," mengharaan jokowi mundursami  kiamat n si boneka jokowi nggak   mundurmalah   rio "
"35","Positif",1,"periode   pa  hebat "
"36","Negatif",-2," tito    bangsadi  isu jokowi  riodedi  satgassus mp sambodi  isu otonom "
"37","Netral",0,"   nge tweet jokowi  riode sal"
"38","Positif",1,"prestasi puan maharani munafikun sahkan uu ikn   musnahkan  kota jakarta dikritik rakyat kar "
"39","Negatif",-2," tito    bangsadi  isu jokowi  riodedi  satgassus mp sambodi  isu otonom "
"40","Negatif",-2," tito    bangsadi  isu jokowi  riodedi  satgassus mp sambodi  isu otonom "
"41","Negatif",-3," jokowi ga salah k mafianya yg salah jokowi org  yg berjuang    riode  "
"42","Netral",0," kena malu  da jamanya k jokowi nuntutnya   kemana da riode esiden yg  lucu "
"43","Positif",1," kl   keuntungan jokowi mah   riode rtama uda dibikin  yukgunakanakalsehat"
"44","Netral",0," keknya sing ra ngotak koe nojokowi ddi walkot  riode ddi gubernur  ri "
"45","Netral",0,"ciriciri orang masuk surga  nemenin carnya eyelash  nails artsam jokowi  riode   kelar "
"46","Netral",0," an lihannya jokowi teta riode "
"47","Netral",0," ttejokowi esiden  riode"
"48","Negatif",-1," salah  ajak jokowi  salahsaya dukung utk bera riode n  "
"49","Netral",0," ktya gak rcaya k jokowiknoni  riode   takutcoba "
"50","Positif",1," jokowi berkalikali menyamikan tdk bersedia utk   riodekrn konst "
"51","Negatif",-1," rezim  dpr riode  mencatatkan nama meraka  sejarah mematikan demokrasi indones "
"52","Netral",0," lo yg bodohjelas jokowi sdh  riode goblok lo"
"53","Negatif",-1," mantakdet tolong  riode aja ya"
"54","Negatif",-2,"   cm berkir jokowi orang  tdk nya beban am dendam    sami beliau "
"55","Netral",0,"  terlih mas  ngefans  keluarga k jokowi  riode   esiden   j "
"56","Negatif",-1,"ruarrr biasaaahh agendareencanaplan rezim oligarki   a jokowi  periodeb penundaan pemilu c "
"57","Netral",0," ham   ketololan elo dimana  kodran kadrun  ntaran dikit g deh  udah tol "
"58","Positif",1," alhamdulillah yaa  jokowi berhasil   ndukung  "
"59","Negatif",-1,"  anak  lahir kemarin sore kali ya  tandanya anis besuk menjabat ri   riode lihat nih con "
"60","Netral",0,"  sy   dlm litikkarna litik  dinamisnarasi diats sma jg ktika nasdem dukung "
"61","Netral",0,"   anies kalahkan sby  jkw  sby   jokowi  terbukti  presiden "
"62","Negatif",-1," kalo flashback  riode   jokowi  gila ya badainya kadang heran beliau  kokoh bertahan  "
"63","Positif",1,"   kadrun ta  rakyat indonesia  mencintai esiden jokowi dn klo uu  rbo "
"64","Netral",0," lha santai aja kali pemilu   d  ogr "
"65","Netral",0," jokowi  riode   setuju mamak "
"66","Negatif",-1,"   maksud sia jokowi  berkali kali  siaran resmi  esiden    "
"67","Netral",0," hamr  riode bani kadrun  kegaduhan  memovokasi ndukung jokowi   skrg be "
"68","Positif",1,"presiden jokowi taat  konstitusi    menjabat   riode  laksanaan milu tetases "
"69","Negatif",-1,"   rsen jg terserah yg  bicarakan yg  p jokowi  riode  masyarakat"
"70","Negatif",-1,"yg bahaya  ri  klw jokowi  riode  rakyat  melarat  rakyat china  jaya "
"71","Netral",0," jokowi  periode"
"72","Negatif",-1," ni ambruk  bs  riodebong idiot"
"73","Negatif",-1," lha emang iya  cuci tangankasian yg sdh ngadrun  riode ga diakui  ga dat suaranya "
"74","Negatif",-2,"seandainya  jalan tol  kemacetan serti  takkan terjadimuda mudahan disisa riode    "
"75","Netral",0,"  periodedan ntah sdh bera  dosa nyadi  ngagum nya ber "
"76","Negatif",-1,"  rnah main kelosok solok selatan nduduk nya cinta jokowikrn luhan tahuntanah "
"77","Netral",0," mmg   kerja cuku riode dilih stlh  masuk kotak"
"78","Positif",1,"indonesia timur memenangkan nasdem  milu kemarin  memilih jokowi  esidenselama hamr  riode "
"79","Netral",0," partai ngusung   muak "
"80","Negatif",-1," disayangkan jokowi    periodeseandainya   riode ssti kelih lagisehat  bk presiden jokowi"
"81","Netral",0," stok jgn jual negara  and umnkan ibukota  jangkauan china  australia  biarkan nj "
"82","Netral",0," ngain lu bahas gub yg udh rna tugas kocak lupr "
"83","Netral",0,"  dukung jokowi  riode"
"84","Netral",0,"  jaman kamnye jokowi riode rtama emang  naek ivate jet "
"85","Netral",0," daridulu jaman jokowi riode  jg udh naek ivate jet "
"86","Negatif",-1,"terimakasih k   riode  ringkat    sisi  "
"87","Negatif",-3,"  menderita  k dhe  presiden  gerombolan koruptor bajingan orde   "
"88","Positif",1," pemberian allah swt yg tut  syukuri  ri  jokowi  riode"
"89","Netral",0," mending rcaya jokowi  riode"
"90","Negatif",-1," jokowi manta riode lawan  pdi"
"91","Netral",0," jokowi aja d  riode nggungnya ambruk "
"92","Negatif",-1,"manusi dungu   yg  merkan sumbar riau dn aceh sdh jlas  riode    milih k jo "
"93","Netral",0,"  sawat chaeteran seandainyan difasilitasi  jokowi  difasilitasi surya "
"94","Netral",0," dukung  riode   alasannya   caes yg    jokowi "
"95","Negatif",-1," ya gimana gak gundah gulanasialnya klo  gak   riode  esiden   lihan ol "
"96","Negatif",-1," analisis menarik am tajam ttg ran oligarki jokowi  periode penundaan pemilu dukung presid "
"97","Netral",0,"  buzzer jokowi  riode"
"98","Netral",0,"  esidennya  jokowi  riode "
"99","Netral",0," jokowi  riode si"
"100","Netral",0," kalyean  lih bu an jd esiden  a k jokowi nambah riode   riode"
"101","Netral",0," hidujokowi  riode hiduesemkagitu aja koq ret  anies suka ngibul ngibulin warga "
"102","Negatif",-1," yg ga tenang tuh yg krasak krusuk nyari  drun blm  nya kamn "
"103","Netral",0," ta beliau  esiden sm riode sdgkan   gembel yg kelaran  hidu "
"104","Netral",0,"  vote jokowi  riode"
"105","Netral",0,"meningkatnya elektabilitas  mengejutkan   track record  estasinya   "
"106","Negatif",-2,"  kena stroke otak     mati rizal ramli akibat kalut kiran jokowi   riode"
"107","Negatif",-1," tum akah    mencegah  jokowi biar ga  riode "
"108","Positif",1,"buzzer samhnya wan ngibul aka wan got aka raja  bayar doyan  bkin tagar kaya giniloe mah  seuit "
"109","Negatif",-1," kualitas orang yg suka kritik merintah   pantes aja "
"110","Netral",0,"  riode  k prabowo next k ganjar "
"111","Netral",0,"  namanya  ijin am kendak allah swt k jokowi  esiden insyaallah sami  riode   "
"112","Netral",0," telat ente nih  terbaru lanyalla silahkan jokowi  periode "
"113","Netral",0,"    k jokowi  riode indonesia  "
"114","Positif",2,"memilih ganjar   memilih jokowi  riode "
"115","Negatif",-1," fir kafir  gak  fir  aja   merintah   kuasai "
"116","Netral",0," hahahakau yg minum obat dulukan sdh ku bilang gak nting pdip gak laku  "
"117","Negatif",-2," aaan hoax lo keliling dunia jg orang tau klo jokowi  riodedasar bodoh"
"118","Netral",0,"   ndukung jokowi  riode"
"119","Positif",1,"prestasi puan maharani munafikun sahkan uu ikn   musnahkan  kota jakarta dikritik rakyat krn "
"120","Netral",0,"lo aman gue dukung jokowi  riode"
"121","Negatif",-1," jokowi sih ga rlu kamnye   riode  ribut banget ra "
"122","Netral",0," jokowi presiden  periode"
"123","Netral",0," liat raeni aje bikin  muntah algi   riode  allah guwe sdh kgk minat lg  loe joko "
"124","Positif",3," pdip tdk menang  sumbar tmenang  temt lainhahahapak jokowi tdk mena "
"125","Netral",0,"jokowi mania   relawan jokowi   jokowi  periode "
"126","Netral",0,"hiduk semoga   riode selanjut nya "
"127","Netral",0," bknny dh heboh klu jokowi dimodali kelomk yg dibilang  naga "
"128","Netral",0," ngomong    beda kelas k jokowi esiden  riode  ser riode gubernur "
"129","Negatif",-1," kadrun triak jokowi mundur cebong triak jokowi  periodeloe de lih  gw lih yg no   a loe "
"130","Negatif",-1," lanyalla silahkan jokowi  periode "
"131","Negatif",-1," gila sik heru budi  penjabat gubernur dki jakarta pan  presiden joko widodo kek deseu ber "
"132","Netral",0," remehin jokow "
"133","Negatif",-1,"gerakan relawan jokowi dicurigai  agenda dukung presiden  periode politikus pdip konstitusi membatasi "
"134","Netral",0,"jokowi mania   relawan jokowi   jokowi  periode  "
"135","Netral",0," skenario   dimainkan  oligarki  jokowi  periode pernjangan  jabatan presiden jok "
"136","Netral",0,"   diadan yg  kebijakan   presidenku   p "
"137","Netral",0," dah  riode jokowi ngain aja "
"138","Netral",0," ta giliran ndukung jokowi   riode kadrun autokejang"
"139","Negatif",-1,"  bener  goblok hahahahakalo jokowi  bodoh   rakyat r "
"140","Netral",0," perasaanmu  drun  jokowi sih nyantai uda  riode  presiden yg ngak nyaman  "
"141","Netral",0," lha ngain bar jokowi presiden  riode  fakta  bantah"
"142","Negatif",-1," luh gak ngerti kalo jokowi dah bingung   riode a rnjang milu"
"143","Netral",0,"  lo dijambang lo dimn jokowi  riode  aja lo nggak s "
"144","Negatif",-1," yg takut tuh  klo k jokowi  riodemau bukti"
"145","Netral",0," ayo drun turunkan jokowi     biarkan jokowi  esiden sami  riode semangaatt "
"146","Netral",0,"tebak   manayang bener brrti dukung jokowi  riode "
"147","Negatif",-2,"  k jokowi a susah nya mundur sih habis mundur  melangkah maju  biar ra kadru "
"148","Negatif",-1," gw milih jokowi  riode  ga  lih calon yg dilih jokowi alagi  i"
"149","Negatif",-1,"jokowi berkuasa hamr  riode    gerakan  gerakan  menerus dilancarkan  menumbangkan "
"150","Netral",0,"tujuan kib  membujuk jkw   riode gembongnya rerata harmoko jaman now terbukti k jokowi taat konstit "
"151","Netral",0,"permasalahan   diselesaikan  jokowi  riode "
"152","Netral",0,"presiden jokowi da riode    fokus da ndidikan  ngembangan sdmjokowibangunsdm"
"153","Netral",0,"   periode  jokowi bilang    ta kena menjelang  jabatan   "
"154","Negatif",-1,"  skerdil cr brkirmu badrun bin batak kadrunjkw  rlu dkungan org nyinyir modal kbencian "
"155","Negatif",-1," kena riode  jokowi kyak gt salahkan warga bodoh yg dimainkan  agama ma "
"156","Negatif",-5," buzzer asu edan nik  isu  riode dahal tiademo  jokowi turun dasar gerombolan idiot"
"157","Netral",0,"   rnyataan nolakan presiden jokowi  wacana  riode "
"158","Netral",0,"   rnyataan nolakan presiden jokowi  wacana  riode "
"159","Netral",0,"   rnyataan nolakan presiden jokowi  wacana  riode "
"160","Netral",0,"   rnyataan nolakan presiden jokowi  wacana  riode "
"161","Netral",0,"   rnyataan nolakan presiden jokowi  wacana  riode "
"162","Negatif",-1,"presiden jokowi menolak wacana jabatan presiden   riode "
"163","Negatif",-1,"presiden jokowi menolak wacana jabatan presiden   riode "
"164","Negatif",-1,"presiden jokowi menolak wacana jabatan presiden   riode "
"165","Negatif",-1,"presiden jokowi menolak wacana jabatan presiden   riode "
"166","Negatif",-1,"presiden jokowi menolak wacana jabatan presiden   riode "
"167","Netral",0,"   rtanyaanmu serti  rtanyaanmu    bera t "
"168","Netral",0,"jokowi otw  riode "
"169","Netral",0," yes  jokowi  riode"
"170","Negatif",-1," tetaaja jokowi  esiden  riode  lolemang suara sumbar bera sih"
"171","Positif",2," sumbar dn aceh    riode les tdk mendukung esiden jokowi sumbar dn aceh tdk ngaruh keda "
"172","Netral",0,"menjabat  riode presiden jokowi mantu  kalikira total sumbangan  didat beracc "
"173","Positif",1,"   cebong yg nikta raja cebong n  nik   "
"174","Netral",0,"a  maksain  riodeudh sti  chaos  njuru negeri "
"175","Netral",0," lih jokowi  riode aja bg"
"176","Negatif",-2,"  ti ganti esiden krna jokowi udah  riodejd yg  mksd rubahan n ganti  a nya"
"177","Netral",0,"relawan kecam snduk jokowi  periode    gbk   sekat "
"178","Negatif",-1," tolol curi star  jokowi kumlin relawan   ngain emang   riodetolol"
"179","Positif",2," lho demokrasi  sah sah   ndat  ndat ngawurmu ituya "
"180","Netral",0,"  rakyat indonesia  sehat akal  budinya menganggak jokowi layak   jadikan esi "
"181","Negatif",-3," gebukin   tau mundur  manusia beradab  digebukin  mundur  c "
"182","Netral",0," cebong  mnyebar diseluruh indonesia ygmemilih jokowi  "
"183","Netral",0,"  isue  riode  k jokowi tetanya ngaruh sami ujung  jabatannya ilmu mu k "
"184","Netral",0," terserah  tu jd firasat a kode alamtyg ti jokowi sdh  riodekadrun  st "
"185","Netral",0," pernjangan  jabatan     riode inkonstitusionalpemakzulanimachment jokowi  "
"186","Negatif",-1," gak  esiden  riode  ogah  sidang mpr  udah  dr  anggota dpr mpr jd ga "
"187","Netral",0," jokowi  periode"
"188","Negatif",-1," drun ente ga rlu sibuk urusin utang negara biarkan  jokowi  tim nya yg urus biarkan jokowi  riode"
"189","Negatif",-1,"presiden jokowi menolak wacana  jabatan  periode "
"190","Netral",0," baiknya bak jokowi  riode  kadrun  kelojotaneeengga  ding uu nya "
"191","Netral",0,"    presiden  calon itun kalo  tweet serti  yg  ndukung jok "
"192","Negatif",-1," snduk  periode  acara gbk sukarelawan jokowi kasih peringatan  emosional "
"193","Negatif",-2," ketakutan a ya jokowi rna tugas riode  a yg beliau takutkan "
"194","Netral",0," lu  jokowi mundursaya  jokowi  riode "
"195","Negatif",-2," takut aan joman  mendukung ga  kecurigaan  jokowicuma congoran lu doang  bacotin "
"196","Positif",1,"   tdk  dikabulkan  jokowi gitu loh berkuasa nuh  indonesia  jam sehari seta "
"197","Netral",0,"  kebalik  lanyalla  gk ngajak org dukung jokowi  riode kecuali  bis "
"198","Positif",1," trs kena  takut  jokowi maju  riode  rtanyaanya drun"
"199","Netral",0,"setuju tolak jokowi  periode  pemilu dipercepatperiodeanarkisdemokrasiperiodeanarkisdemokrasi "
"200","Positif",1,"rakyat bersatu menolak keras jokowi  periode  bikin negara  hancurrakyat  pemilu dipercepat "
"201","Netral",0,"  lihan  rakyat tolak jokowi  periode  pemilu dipercepatperiodeanarkisdemokrasi "
"202","Negatif",-1,"kalo   rakyat dicekoki berita lsu diduga selsu identitas  ijazahnya negara  hancurtak a "
"203","Positif",2,"   rakyat indonesia     memilih esidenyaitu memilih bak jokowi  "
"204","Negatif",-2,"ketua relawan jokowi mania joman immanuel ebenezer alias noel menilai isu  menyerukan presiden jokowi  ri "
"205","Netral",0," jokowi  periode"
"206","Positif",1,"  jokowi udah menang berkali drun kadrunmenang jd walikota solo  riode menan "
"207","Netral",0,"rakyat  pemilu dipercepat  jokowi  periode periodeanarkisdemokrasi periodeanarkisdemokrasi "
"208","Netral",0,"rakyat  pemilu dipercepattolak keras jokowi  periode periodeanarkisdemokrasi "
"209","Negatif",-1," yg nikmati jokowi  riode  ong  kenyang udah siaan nerusnya gubernur bokesebagai esiden boneka"
"210","Negatif",-3," bajingan  pengkhianat manusia njilat  munafik berkuml  era jokowi berkuasaharus percepat pemi "
"211","Negatif",-1," bajingan  berkuml dijaman jokowi berkuasarakyat  pemilu dircet tolak keras jokowi  peri "
"212","Positif",1,"  jokowi kalah telak piles  periodepdip  minim kursi mukai  dprd ting "
"213","Negatif",-1,"hancurkan oligarki cina sumber bencana indonesiaperiodeanarkisdemokrasiperiodeanarkisdemokrasitolak keras j "
"214","Positif",2," yg demokrasi  serti a kkn tumbuh subur    jabatan memobilisasi  manut jokowi "
"215","Negatif",-1,"  klo  yg bilang  masyarakat indonesia  k jokowi   ato  riode  gim "
"216","Negatif",-2,"masyaallah  norma ternggirkan akibat nafsu serakah  berkuasatolak keras jokowi  periode  "
"217","Negatif",-1,"kalo  mam berestasi  ijazah serba palsu   pengkhianat bangsa  negaratolak jokowi  "
"218","Netral",0," imam m "
"219","Netral",0,"macé torang setuju sekat  riode utk kdhe samikan salam utk pacé "
"220","Positif",1,"bencana alam silih berganti tamknya gsemerutidak tahan meluaan amarahnya tanda  pemimn zalim ngkhian "
"221","Netral",0,"jokowi   mengumlkan manusia brengsek estasi  hatinyamanusia   ntar disingkirkanakibatn "
"222","Netral",0," terserah kau kadrun kuet  lih   yg sti k jokowi   skrg  menjala "
"223","Negatif",-1," dijaman jokowi pejabat kelakuan brengsek msh   menjabatmasih  jokowi  periodeperiode ha "
"224","Positif",1," makmur dijaman jokowi   oligarki pejabat koruam neo pki     juta rakyat menderi "
"225","Netral",0," udah   riode  cuku  nih kayak takut   jokowi udah gak menjabat kayak "
"226","Negatif",-1,"indonesia  terruk dimn  pemimn serba palsu  pengkhianat bangsa  negaratolak jokowi  perio "
"227","Netral",0,"  asrasi  riode rjuangkan "
"228","Positif",1,"  amanah  allah swt  rakyat   emban "
"229","Netral",0," jokowi   riode"
"230","Negatif",-2,"sia   indonesia dimn jokowi  periode negara hancur utang segunung anak bangsa tercah belah "
"231","Netral",0," rakyat  waras otaknya  jokowi   riodejokowi esiden yg  cintai rakyat"
"232","Netral",0," jokowi  riode"
"233","Netral",0," tetaimigran kanjokowi  mantan walikota solo  riode gubernur d "
"234","Netral",0,"   element rakyat  jokowi   riode"
"235","Netral",0," klo ngedit yg kreatif lahh  tgl  foto nya berbedaitu jaman jokowi riode rtama msh men "
"236","Netral",0," jokowi  riode"
"237","Negatif",-1," gw  kadroen tolol gw ndukung jokowi  riode"
"238","Negatif",-1,"  hasrat  riode   membahayakan bangsa "
"239","Negatif",-1," hahahahaha cari info  yg bener heru  jabat karir  pemda dki  bawa "
"240","Netral",0," mna bukti nya  nunjukn gk klo  yg   riode klo yg  relawan nya wa "
"241","Netral",0," jokowi  riode"
"242","Negatif",-2,"teriakan jokowi  periode ketua jokowi mania menilai  etis bangsa  carut marut "
"243","Negatif",-1," cm masyarakat yg  p jokowi  riode"
"244","Negatif",-1,"pengaruh k jokowi dlm raihan suara   bera  suara pdip da  terlih esiden  riode  "
"245","Netral",0,"warga negeri a ndukung si nganu ketar ketir  jokowi  gandeng gp  takut sakit hati yg r "
"246","Netral",0,"  deh ngga   kerja s   kebayang ngga   bene "
"247","Netral",0,"pernikahan kaesang  rnikahan ketiga  digelar  presiden jokowi  hamr sembilan  menjaba "
"248","Negatif",-2,"   andi widjajanto  sekretaris kabinet  kambing hitam   hubungan dingin jokowi  "
"249","Negatif",-1," ndukung jokowi n  mencari kenyamanankenyamanan  meleskan esiden  riode isu rnjan "
"250","Netral",0,"  riode "
"251","Negatif",-4," klean ga cak ya  riode tereak gn jatuhin jokowi ta gagal mulu masyarakat "
"252","Positif",1," s berimbang gw lbh setuju diadakan referendum lihannya jokowi turun     riode "
"253","Netral",0,"  jokowi yg lu jelekin  udah  gub jateng gub dki  jd esiden  "
"254","Negatif",-1,"jokowi   nya darah biru  mimn rtai   litikus kondang   presiden  in "
"255","Netral",0," benergaji kagak    harga naikjak ud mencekek kayak drakula smua rah men "
"256","Netral",0,"   fans prabowo     "
"257","Netral",0," jgn ambil sing langsung lih prabowo aja  les  jgn lih yg    sdh  "
"258","Netral",0,"  kemimnan jokowi riode    kentingan jk yg terusik"
"259","Netral",0,"ketua relawan jokowi mania joman  relawan jokowi terbelah bebera faksi   cari uang dukung jokowi "
"260","Netral",0," jokowi  periode"
"261","Negatif",-1," gak ngaruh drun suara loe buktinya jokowi tetamenang  riode"
"262","Netral",0,"  yg  jokowi  riode  aja  makar tu "
"263","Negatif",-1," emang  wktu jokowi mo  riode ga  bu jan  liat skrg  negeri udh ancur an    an "
"264","Netral",0," bener om ta  surya loh  yg mendukung jokowi  riode"
"265","Negatif",-2," aneh ya kena maksa jokowi mundur  jabatantbegitu  relawan yg  jokowi   "
"266","Netral",0," pencaian jokowi  riodemenikahkan  anaknya  mnjdikan anak  mantunya  walikotasalute"
"267","Negatif",-1,"informasi  rubahan konstitusi tetang nambahan periode     riode jabatan presiden  men "
"268","Netral",0," lingkaran luhut yg kaya raya   riode  esiden  kenyang mrk siaan ganjar nerus jokowi"
"269","Negatif",-2," suruh  riode biar beban  den diselesaikan jokowi ga  kasih yg laindengar jokoi  riode "
"270","Positif",1," jokowi gentle dak   malumaju trus an   terselesaikanpresiden terbaik  r "
"271","Netral",0," kadal buluk kadang suka bener dikit otaknya utang soeharto  si kebo mangkrak diakumulasik "
"272","Negatif",-3,"  jokowi suruh mundur kmnamundur kebelakang rumah sabarsabar sti k jokowi mundur  "
"273","Positif",1," jk   oligarki belio hrs selamat  keluarga am hartabendanya  j "
"274","Netral",0,"   o jokowi abila uu konstitusi mengizinkan   jokowi   riode setuju gk "
"275","Netral",0," ntar  jan ethes  presiden jokowi  riode dilanjutkan ama kaesang  periode diteruskan a "
"276","Netral",0," goblok   riode a elu gak mikir wkwkwk"
"277","Positif",1," pendukung nya sti bilang jokowi hebaaaatbayangin klo  menjabat  riode laut dn langit   jual  aseng"
"278","Netral",0,"  bekal   analisis terhadaosk rekonomian indonesia  den    a "
"279","Netral",0,"memarkan teori maun emris rekonomian indonesia  era jokowi   selayang ndang  riode  "
"280","Positif",1,"catatan frans seda rnah menjabat menteri keuangan periode   frans seda  saj "
"281","Negatif",-2,"berita  mengejutkan  orang  hebatnya presiden  bak ir h joko widodo  memrhatikan raky "
"282","Negatif",-1," yah gimana ya bro jokowi  jabat x riode      jabatannya waja "
"283","Netral",0,"   lintas kabuten  teruskan rjuangan sam kelar riode "
"284","Positif",2," gausa sokan black camign anies ntar gw counter sma janji  realisasi "
"285","Netral",0," a bedanya ngana dgn cebong ndukung jokowi yg   dat  riode"
"286","Positif",1," kadrun bego halu keterusan ga  terima kenyataan jokowi  menang  "
"287","Negatif",-1," ong cs  momen tanam budi  omosi ganjar nerus jokowi  kenyang  riode ya ng nambah nih "
"288","Negatif",-3," setiahari orang gila suruh esiden mundur ta nggak rnah berhasil  berharak jokowi  riode "
"289","Netral",0,"  mayoritas rakyat  k jokowi  riode  "
"290","Negatif",-3," gw main jokowi  riode  ga woiiiii  ga  woiiiii"
"291","Netral",0," kuat sinyal  riode "
"292","Negatif",-3,"   dendam  barisan orang  kelomk yg kecewa  sakit hati yg berkenjangan  joko "
"293","Positif",1,"rocky gerung megawati takkan kabulkan kemauan jokowi usung ganjar ataun periode "
"294","Positif",1," gambar koleksi hp mu  dg ra ahli "
"295","Negatif",-3," ya ngeri  kalo  orang yg ngakuny "
"296","Negatif",-1," lu  munafik  lu bilang  "
"297","Netral",0," kalo   acara litik  joko "
"298","Netral",0,"  warga negara indonesia  lintas benua  jokowi tujuh riodea loea loe"
"299","Negatif",-1," kalo  jokowi  riode   gerombolan kadal buntung  langsung kelojotan dijamin stro "
"300","Netral",0," indonesia dasarnya ncasilasilanya  limademokrasi negaranyaayo jokowi  riode"
"301","Netral",0," indonesia menaraan four year plan  diakhir four year plan jokowi   riode"
"302","Netral",0," ok   gak tau  inform "
"303","Negatif",-2," menolak kedatangan anies kau labeli cebong bs   ndukung prabowo  diaceh suara joko "
"304","Positif",1," gak komenttolong tanyain aja  jokowi esemka a kabar yg  janji kamnyenya udah  ri "
"305","Negatif",-1," orang    berkuasa  riode   s "
"306","Negatif",-1," yg mendukung  riode  dasar kirnya  a yg sdh   presiden jokowi t "
"307","Netral",0," kadrun kejangstresdeesi  mudahcukugaungkan   jokowi  periode "
"308","Netral",0,"ambil hikmahnya  mantapak jokowimainkan  riode "
"309","Positif",1," ta tolong  jgn niat suci bak tsb belok krn kentingan  yg dtg menikungdan sudahi dgn "
"310","Netral",0,"  jokowi  sukarela sbg esiden  riode  "
"311","Netral",0," jokowi memikirkan  riode  "
"312","Netral",0,"  rcaya  ta  ndukung jokowi   riode kadrun udah ngamuk"
"313","Negatif",-1," membaca antusiasnya masyarakat menyambut kehadiran anies   calon esi "
"314","Positif",2,"tebak bera  nama daerah  ntt  disebutkanbener bersyukur jokowi menang   riode inintt da "
"315","Negatif",-1," lanyalla silahkan jokowi  periode "
"316","Netral",0," warisan utang sby bera utangan yg riode esiden beramana   yg  "
"317","Netral",0," embok setuju k dhe  riode kalo  sih yes"
"318","Positif",2," bangga gw nya esiden jokowi beliau  riode indonesia   maju ngalahin malaysiathailand"
"319","Negatif",-1," ga  kagetan gitumimn yg bersahaja gitu ko   rakyat kecillove you k jokow "
"320","Netral",0," biar  hemat jokowi  periodelanjut  periode "
"321","Negatif",-1," silahkan jokowi  periode tolakriode "
"322","Negatif",-2,"gila    dengar orang  gawat ta     tahupresiden jokowi matian biar dunia begi "
"323","Netral",0,"  da les lesan   k jokowi  periode"
"324","Netral",0," lu dendam  ama jokowi  meritahan sah  riode wkwkwkwkw"
"325","Negatif",-1,"  jokowi  riode ngain aja  mbangunan merata  i "
"326","Negatif",-2," elu sam ngkat mayor nggak cuku riode  merintahan  tuh orang ud "
"327","Netral",0," jokowi   riode bong"
"328","Netral",0," si bak aloysius kena ank wacana jok "
"329","Netral",0," riode jokowi   kerja kerja kerja tan otakkejadian imr  berulang  disisi  jkw b "
"330","Negatif",-2,"  kasih  tuh junjungan elu   ditinggalin beban k jokowi suruh aja k jokowi "
"331","Negatif",-1," klo k jokowi langsung ditetaan  jdi esiden utk  riode keden gimana setuju ga "
"332","Netral",0," nggak masuk gorong  k sia tau   riode"
"333","Negatif",-3,"  knngebet gantiin k jokowi  beban  den berat kena ga  k jokowi  r "
"334","Positif",1,"kebodohan  dimerin dum kebebasan berbicara  berkuml  dijamin  konstitusi jd a yg  "
"335","Netral",0,"jokowi  riode "
"336","Netral",0," pendukung jokowi  menolak  riode   menghenda "
"337","Netral",0," mudahan undang ngangkatan langsung  riode  dibuatta undangnya berlaku   "
"338","Netral",0," sia yg  nambah  riodeada bukti   bacotan ngawurkarena k jokowi su "
"339","Positif",1,"presiden jokowi taat konstitusi tolak wacana esiden  riode "
"340","Positif",1,"  rnah  menyesal memilih jokowi  periode dibandingkan nyesalan  memilih sby  riode"
"341","Negatif",-1,"pks khawatir wacana presiden  periode  hidukarena relawan jokowi  kuml covid "
"342","Negatif",-1," kasian kadrun hidumereka merana    alagi jokowi   riode  rah gilanya kadrun"
"343","Positif",1,"insyallah tan b keluarga am kroni indonesia  maju  kl  nambah riode  mencalonkan  "
"344","Netral",0,"  anies langsung ditetaan  esiden  riode gak  milu   keselama "
"345","Negatif",-1,"penipuan identitas politikyang diundang ra ngajian ibuibu jabodetabek didukung tra "
"346","Negatif",-1,"penipuan identitas politikyang diundang ra ngajian ibuibu jabodetabek didukung tra "
"347","Netral",0," an   pdb   ratio utang turun     tan   lu  "
"348","Netral",0,"   setuju dg statement rocky gerung yg inikalau jenuh   wacana  riode yg   "
"349","Netral",0,"dukung jokowi  riode "
"350","Positif",1," lo gak bahas janji litik k jokowi   riode akah terealisasi   lo jelasi "
"351","Netral",0,"   rnah tuliskan cm engka "
"352","Negatif",-1," jokowi  periodeindonesia ndah tanganrri  ganti  rrc"
"353","Positif",1,"ketua joman  urgensi acara nusantara bersatu   munculkan wacana  periode jokowi "
"354","Netral",0,"lantas jokowi  nyaman  relawan  parl parl   ling  jokowi nyaman akah wacan "
"355","Netral",0,"  riode kudu dirjuangkan"
"356","Netral",0,"   riode  jokowi"
"357","Negatif",-1,"  lanyalla silahkan jokowi  periode "
"358","Negatif",-1," lanyalla silahkan jokowi  periode tolakriode tolaknundaanmilu lanyalla"
"359","Netral",0," ganjar  kuat diback uong  k de mega lih ganjar bagus mega lih an damngi abowo "
"360","Netral",0," titik jenuh  rakyat yg terlilit ekonomi sulit  jokowi ong  lingkarannya   titik jen "
"361","Netral",0,"xin ping  riode rakyat cina   rlawananpak jokowi semoga  semaruk xin ping "
"362","Netral",0," tidaksedari  mnjd timses jokowi  riode rtama n  tetatidak"
"363","Netral",0," yg  nya clongingan sun yg  riode jokowi"
"364","Netral",0,"  kalo  mbahasan revisi uu rnjangan dr  jd  riode  ente  "
"365","Negatif",-1,"  esiden yg usang  th yg   tambahan   riode"
"366","Negatif",-1," lo mah berita yg blm  bener dircaya bro ko lo yg doain k "
"367","Negatif",-1,"  jokowi  kali kalah  sumbar ta kna   presiden  riode ya "
"368","Netral",0,"  uud hny  riode  k jokowi  maubayangkan  th  jokowi  soeharto st "
"369","Netral",0," bukti kalo jokowi layak  esiden  riode  "
"370","Positif",1,"  rakyat  jawa baratbangga  berharajokowi  riode"
"371","Negatif",-1,"presiden   rumah duka keluarga ferry mursyidan baldan mantan menteri atrbpn kabinet jokowi riod "
"372","Negatif",-1," iya kayak gerombolan kadrun dr riode rtama sami  hobynya demo jokowi suruh mundur sayang "
"373","Negatif",-1,"  biarkan k jokowi mengemban tugas  esiden utk riode yg   biar hutang  bs diselesaikan"
"374","Positif",1,"   harga bbm dinaikkan lagikan subsidi listrik dicabutkan nggalakan penerimaan pajak dar "
"375","Netral",0," allah sdh  jalan terbaik   kerc "
"376","Negatif",-2," rakyat  yg kau bioang bosan  kemimnan k jokowi  aja yg  merusak "
"377","Positif",1," rakyat indonesia rela dimn jokowi am ganjar  riode "
"378","Netral",0," yaudah gimana kalo  narasi anies  langsung diangkat  esiden  riode  "
"379","Netral",0,"   k jokowi    riode dulujatahnya wan god    esiden yg   "
"380","Negatif",-1," ya mending jokowi  riode  indonesia    "
"381","Netral",0," giliran narasi jokowi  riode da teriak giliran kebutuhan  ab suruh  riode kek anak "
"382","Netral",0," kuota  emang heh peak berdirilah dikaki mu  harga  raky "
"383","Negatif",-3," otak kalut sti kena stroke otak    mati akibat mikirin jokowi  riode n "
"384","Netral",0,"   kadrun membully jokowi dibilang pki dibilang mukanya "
"385","Netral",0," kerenkue hasil angunan kinerja jokowi  engkau nikmati jugasetiawarga s "
"386","Positif",2," maaf kalo  berfikir maju  konsisten  negara mobil esemka yg legend    iorit "
"387","Negatif",-2,"    akaljoko silahkan   jokowi  riode indonesia  milik kali "
"388","Positif",1," ngiritan biaya milu   setujuta sertijab esiden waes mentri dll  tetamahal  m "
"389","Netral",0," jokowi  riode"
"390","Positif",1,"    lumrah  aceh   sejarahnya caes pdip menang  acehpak sby non pdip  "
"391","Negatif",-1,"    ntar ngomongin  sendirimdhan   bak    dendam da "
"392","Netral",0,"  mendukung  riode buwat bak jokowi"
"393","Netral",0," pakde jokowi  riode  ta stikan esiden   nerus  ngganti"
"394","Negatif",-2,"  orang  bersih hatinya   mengerti isi berita   jokowi   esiden ri  riode"
"395","Netral",0,"  grombolan nya tawarin  riode oke oke   riode koru riode  koru "
"396","Netral",0,"walo aq dukung trs jokowi tsejak  aq trus ngetawain janji kamnye jokowi ttg langgaran ham berat "
"397","Netral",0,"  dukung sia ojojokowi  riode   "
"398","Netral",0,"  klo prabowo yg waes klo prabowo caes  deh riode    gak nya gagasan k "
"399","Negatif",-1," pemilu  harga mati  menunda  menyalahi uu  menambah ms jabatan mjd  periode  peng "
"400","Negatif",-1,"waahkeren l p jokowi andai   riode klik  lihat kontennya "
"401","Netral",0,"   kalianlah  bongak bodoh  menjilat rmen manis kebohong "
"402","Positif",2,"bener bikin suksessam  riode org  berubahyg tdk  diubah     "
"403","Netral",0," kacrut banget hahaha  mikiran ky gitu ya ntes aja jokowi  riode "
"404","Netral",0,"  "
"405","Negatif",-1," susah mas  ndukung anies   yg benci jokowi   riode  dana tau "
"406","Negatif",-2,"  ga normal gue mah ga sing bro emangnya lo ngakunya wara "
"407","Negatif",-1,"presiden jokowi   menolak usulan rnjangan  jabatan esiden  riodehal  disamikan "
"408","Negatif",-1," iya kebalikannya kl  tolak jokowi  riode krn melanggar konstitusi eh  bilangkalo rakyat "
"409","Negatif",-2," negri   maju yg hancur  otak  kiranmu   riode jokowi otak  "
"410","Positif",2," darida lesan  buang dana yg   utk rsatuan  kesatuan bangsa indonesia  bai "
"411","Negatif",-1," kadrunn sakit hati jokowi  riode   aja  cebong move on tolol"
"412","Negatif",-2,"kereta a rtama  sulawesi  kelar  era jokowi presiden   riode ngain aja ya  "
"413","Negatif",-1," ya sti mimn  lahjokowi  udh  riodeyg sti mimn barunya  pecatanngurus "
"414","Positif",1,"  beda skrg jokowi sdh tdk   riode "
"415","Netral",0," gobloknya rakyat indonesiadibohongi jokowi sami  riode"
"416","Netral",0," bagaimanan jokowi  esiden  terlih  milu    riode "
"417","Netral",0," jawabanya  siml  k jokowi  riode"
"418","Negatif",-1,"    menjabat  periode  pesimis ta  bak tidk  terlih kecuali "
"419","Netral",0," berndat a  bebas silahkan  menyebut  dorong jokowi  periode  bisaatau a aja "
"420","Negatif",-2," jokowi esiden  riodesementara elo  tukang fitnah yg berkela botakwkwk"
"421","Netral",0,"  rcaya jokowi  riode darida ginian sih"
"422","Netral",0," mumng    pdip golkar  berseberangan   kesemtan utk makzulkan jokow "
"423","Netral",0," jokowi   dilih warga aceh ta tetamenang  esiden  riode "
"424","Positif",1,"  suka terobosan k jokowi lanjutkan  riode"
"425","Negatif",-2,"rizal ramli blak blakan dendam jokowi  cemen am luhut otak  periode via "
"426","Netral",0," udah diem   lemr sendal k abowopak jokowi ogah  riode jatah k abowo  k ganjar"
"427","Netral",0,"  jokowi  esiden  riode anis   caes eciden doang belom    eciden muhehehe "
"428","Netral",0," dukung jokowi  riode"
"429","Netral",0,"presiden jokowi  periode "
"430","Netral",0,"  lih jokowi   riode"
"431","Negatif",-1,"   nyinyir bongfaktanya  kemarin  undangacara jokowi gerilya  riodeundangan "
"432","Netral",0," maunya milu tu   mpr  ambisi  riode"
"433","Netral",0," pemerintah mmg kliatan normal lu yg gk normal tinggal nunggu  "
"434","Netral",0," iya msh aman  r t     t mayan  modal  riode nanggung  jokowi habisin aja sisanya "
"435","Positif",1,"  jerman fokus kamnye aja sih  kabarnya   jokowi  menang  riode  kai ti "
"436","Negatif",-1,"imingiminga yg trjadi trhdnegeri   d dileskan    ulang  atasyahimingiming j "
"437","Positif",1,"  bangga  mobil iniasli buatan nkrihidu riode "
"438","Netral",0," semenjak jokowi jd esiden hidunya kaum bani kadrun bener  menyedihkan tiada  "
"439","Negatif",-2," faktanya terbalik   riode jokowi kpk  kebiri  dilemahkan nyadan dibatas "
"440","Netral",0," ambigujokowi dilarang  riode  anies mah   didukung"
"441","Netral",0,"menkominfo  rkembangan teknologi digital    terles  ra rintis keb "
"442","Positif",2," bonus  riode  rakyat coba hebatnya dimana klo emg  akui hebat  ngka "
"443","Netral",0," jokowi menang  riode   karna ngk  lihan   aja  yg sombong"
"444","Positif",2,"  sami  jokowi esiden yg terbaik  ra nggantinya  diragukan kemamannyaja "
"445","Positif",2," sami  jokowi esiden yg terbaik  ra nggantinya  diragukan kemamannyajangan ambil "
"446","Netral",0," nunggu jokowi  riode"
"447","Positif",2,"  sami  jokowi esiden yg terbaik  ra nggantinya  diragukan kemamannyajang "
"448","Negatif",-1," takut kehilangan job lu bong klo jokowi gk  riode lu  jd sales"
"449","Netral",0," den jokowi teriak  riodeden ganjar dukung nyaesbahhhh lllluuuullll"
"450","Negatif",-2,"  baca k suya ham   dibangun   jalan tol    njela "
"451","Netral",0," jokowi lanjutkan  riode"
"452","Positif",1,"relawan   partai bikin partai relawan jokowi  periode  "
"453","Positif",1," setuju k de jokowi  riode     utk indonesia hebat  kuat"
"454","Negatif",-3,"oii cebong goblok  tolol alasannya   harajokowi  riode  buta hukum buta undang undang ali "
"455","Negatif",-1,"    rioe lanyalla silahkan jokowi  periode "
"456","Netral",0," biar  hemat jokowi  periodelanjut  periode "
"457","Negatif",-1,"   hancur  riode "
"458","Netral",0," sya  jokowi   periode"
"459","Netral",0," sby tan bebanjokowi  sibuk dahal   tahunawal jabat riode  bi "
"460","Netral",0,"  sur narasi k presiden   den ndidikan indonesia  ra guru  tuman ban "
"461","Negatif",-1,"  yg menyuarakan jokowi  riode mreka teriak melanggar konstitusisaat  yg usul milihan esiden kem "
"462","Netral",0,"  yg tdk melanggar hukum klo   "
"463","Netral",0,"  k jokowi  riode  allah  tetak jokowi yg memimn negara "
"464","Netral",0,"anies baswedan vs jokowibanyak  akunakun litik  membandingkan  anies baswedan  jokowi me "
"465","Positif",1," aneh banget si  akun  membandingkan anies baswedan  jokowi jokowi "
"466","Positif",1," la melu emang  riode sukses "
"467","Negatif",-1," jokowi  udah berhasil  esiden  riode  gak  membandingkan ya"
"468","Negatif",-1," lanyalla silahkan jokowi  periode tolakriode "
"469","Negatif",-1,"  riode  lanyalla silahkan jokowi  periode "
"470","Negatif",-1,"    lanyalla silahkan jokowi  periode tolakriode "
"471","Negatif",-2,"takziyah  rumah duka ferry mursyidan jokowi dunia perlitikan indonesia kehilangan tokoh   presiden j "
"472","Positif",3," wuih keren jokowi disambut meriah  aceh tan imingiming sembako  uang ceban keren hidu "
"473","Negatif",-1,"  menuntut jokowi mundur  bersatu dukung jokowi  riode biar kadrun kebakaran jenggotkaum goblog"
"474","Netral",0,"redaksional narasi kulture  keren lan majlebkulture kesenian  kebudayaan nusantara  senjata m "
"475","Negatif",-1," udah seringggg  menolak  riodeyg nama "
"476","Negatif",-2,"san tersembunyi cari tensi jak  mengurangi subsidi harga hamr  kebutuhan    "
"477","Netral",0," yg namanya aturan  riode tetedi laksanaka "
"478","Netral",0,"  negara maritim maun negara agraris  rcuma kalo negara yg diwakili merintahan  be "
"479","Netral",0,"  eksrimen indonesia  riode rtama da "
"480","Negatif",-1," ty dewakerang  rkosa  hukum dasar   riode  dewakerang  mul "
"481","Netral",0," tasline  yo ngine k jkw  riode loh k tyo terserah wis nggantine   b "
"482","Netral",0," joko cm rlu  riode  atur  galaksi "
"483","Netral",0," dewalt butuh  riode biar  atur freert "
"484","Positif",1," sia ling beruntung  menikmati terlihnya anies hasil  pilkada    umat krist "
"485","Netral",0,"setunggal riode maleh k esiden  "
"486","Netral",0,"setunggal riode maleh k esiden  "
"487","Positif",1,"setunggal riode maleh k esiden hebat  manta nekad  "
"488","Positif",1," jokowi sdh memimn indonesia   riode   rakyat  diajukan lgi  maju  "
"489","Netral",0," presiden jokowi sdh memimn indonesia   riode  klo diajukan lgi  esiden utk riode  "
"490","Negatif",-1,"  kayak     menggoreng isu kalo pakde   riode"
"491","Netral",0,"ferry mursyidan baldan menteri atr periode  jokowi meninggal dunia turutberdukacita"
"492","Netral",0,"firasat  prabowo   k jokowi  presidenta  kncuma  riode"
"493","Netral",0,"  jokowi tau  krn  dilih rakyat  riode mknya kerja keras  rakyatnya dn emangnya "
"494","Netral",0,"   disekati jokowi  riode kena "
"495","Negatif",-1,"kasian mulut kuda nil  kayaknya stress berat untung dak sami stroke  ya kalo sami k jokowi  "
"496","Positif",1,"   bak presiden    taat terhadaraturan  dimana  uu kons "
"497","Negatif",-1,"mendesak  k mohon rhatian  kpu   berterimakasih  bak    menola "
"498","Netral",0,"  gw ojo bro gw riode  coblos klo skrang ekonomi ancur  fakta kta kgk bsa ngeles lgi k "
"499","Positif",1," saran relawan jokowi bikin acara jokowi  riode   saingin kaum kadrun  nkri croscek kekuatan les"
"500","Netral",0,"  lu anies timsukses jokowi riode  begitun nasdemmereka  sdh nya kartu as  "
